name	sequence
miR2934-3p 	CATCCAAGGTGTTTGTAGAAA
miR168b-3p 	CCCGTCTTGTATCAACTGAAT
miR162a-3p 	TCGATAAACCTCTGCATCCAG
miR778 	TGGCTTGGTTTATGTACACCG
miR169f-3p 	GCAAGTTGACCTTGGCTCTGC
miR771 	TGAGCCTCTGTGGTAGCCCTCA
miR822-5p 	TGCGGGAAGCATTTGCACATG
miR775 	TTCGATGTCTAGCAGTGCCA
miR776 	TCTAAGTCTTCTATTGATGTT
miR777 	TACGCATTGAGTTTCGTTGCTT
miR403-5p 	TGTTTTGTGCTTGAATCTAATT
miR866-5p 	TCAAGGAACGGATTTTGTTAA
miR162b-3p 	TCGATAAACCTCTGCATCCAG
miR780.1 	TCTAGCAGCTGTTGAGCAGGT
miR833a-3p 	TAGACCGATGTCAACAAACAAG
miR447c-5p 	CCCCTTACAATGTCGAGTAAA
miR5663-5p 	AGCTAAGGATTTGCATTCTCA
miR5638a 	ATACCAAAACTCTCTCACTTT
miR5638b 	ACAGTGGTCATCTGGTGGGCT
miR172b-3p 	AGAATCTTGATGATGCTGCAT
miR8181 	TGGGGGTGGGGGGGTGACAG
miR171b-5p 	AGATATTAGTGCGGTTCAATC
miR172d-3p 	AGAATCTTGATGATGCTGCAG
miR4227 	TCACTGGTACCAATCATTCCA
miR4221 	TTTTCCTCTGTTGAATTCTTGC
miR156a-5p 	TGACAGAAGAGAGTGAGCAC
miR393a-3p 	ATCATGCTATCTCTTTGGATT
miR865-5p 	ATGAATTTGGATCTAATTGAG
miR419 	TTATGAATGCTGAGGATGTTG
miR418 	TAATGTGATGATGAACTGACC
miR413 	ATAGTTTCTCTTGTTCTGCAC
miR415 	AACAGAGCAGAAACAGAACAT
miR414 	TCATCTTCATCATCATCGTCA
miR417 	GAAGGTAGTGAATTTGTTCGA
miR416 	GGTTCGTACGTACACTGTTCA
miR156b-5p 	TGACAGAAGAGAGTGAGCAC
miR863-5p 	TTATGTCTTGTTGATCTCAAT
miR156c-3p 	GCTCACTGCTCTATCTGTCAGA
miR166e-3p 	TCGGACCAGGCTTCATTCCCC
miR829-3p.1 	AGCTCTGATACCAAATGATGGAAT
miR829-3p.2 	CAAATTAAAGCTTCAAGGTAG
miR5663-3p 	TGAGAATGCAAATCCTTAGCT
miR5014a-5p 	ACACTTAGTTTTGTACAACAT
miR5648-5p 	TTTGGAAATATTTGGCTTGACT
miR157a-3p 	GCTCTCTAGCCTTCTGTCATC
miR5639-3p 	TTTAGCCTCAGACCACGGTGGACT
miR5635d 	TGTTAAGGAGTGTTAACGGTG
miR5635c 	TGTTAAGGAGTGTTAACGGTG
miR5635b 	TGTTAAGGAGTGTTAACGGTG
miR5635a 	TGTTAAGGAGTGTTAACGGTG
miR5632-3p 	TTGGATTTATAGTTGGATAAG
miR823 	TGGGTGGTGATCATATAAGAT
miR825 	TTCTCAAGAAGGTGCATGAAC
miR827 	TTAGATGACCATCAACAAACT
miR828 	TCTTGCTTAAATGAGTATTCCA
miR862-5p 	TCCAATAGGTCGAGCATGTGC
miR396a-3p 	GTTCAATAAAGCTGTGGGAAG
miR773b-3p 	TTTGATTCCAGCTTTTGTCTC
miR157c-3p 	GCTCTCTATACTTCTGTCACC
miR5595a 	ACATATGATCTGCATCTTTGC
miR774b-3p 	CATCCATATTTTCATCTCGAA
miR870-5p 	AAGAACATCAAATTAGAATGT
miR8179 	TGACTGCATTAACTTGATCGT
miR8178 	TAACAGAGTAATTGTACAGTG
miR868-3p 	CTTCTTAAGTGCTGATAATGC
miR8173 	ATGTGCTGATTCGAGGTGGGA
miR8172 	ATGGATCATCTAGATGGAGAT
miR8171 	ATAGGTGGGCCAGTGGTAGGA
miR472-3p 	TTTTTCCTACTCCGCCCATACC
miR8176 	GGCCGGTGGTCGCGAGAGGGA
miR8175 	GATCCCCGGCAACGGCGCCA
miR8174 	ATGTGTATAGGGAAGCTAATC
miR841b-3p 	CAATTTCTAGTGGGTCGTATT
miR5645a 	ATTTGAGTCATGTCGTTAAG
miR5645b 	ATTTGAGTCATGTCGTTAAG
miR5645c 	AACCTATTTAACGACATGACT
miR5645d 	ATTTGAGTCATGTCGTTAAG
miR5645e 	ATTTGAGTCATGTCGTTAAG
miR5645f 	ATTTGAGTCATGTCGTTAAG
miR8184 	TTTGGTCTGATTACGAATGTA
miR8182 	TTGTGTTGCGTTTCTGTTGATT
miR8183 	TTTAGTTGACGGAATTGTGGC
miR8180 	TGCGGTGCGGGAGAAGTGC
miR167c-3p 	TAGGTCATGCTGGTAGTTTCACC
miR5642a 	TCTCGCGCTTGTACGGCTTT
miR845a 	CGGCTCTGATACCAATTGATG
miR845b 	TCGCTCTGATACCAAATTGATG
miR5642b 	TCTCGCGCTTGTACGGCTTT
miR160a-3p 	GCGTATGAGGAGCCATGCATA
miR399d 	TGCCAAAGGAGATTTGCCCCG
miR166b-3p 	TCGGACCAGGCTTCATTCCCC
miR864-3p 	TAAAGTCAATAATACCTTGAAG
miR172e-3p 	GGAATCTTGATGATGCTGCAT
miR169b-5p 	CAGCCAAGGATGACTTGCCGG
miR156e 	TGACAGAAGAGAGTGAGCAC
miR156j 	TGACAGAAGAGAGAGAGCAC
miR156i 	TGACAGAAGAGAGAGAGCAG
miR156h 	TGACAGAAGAAAGAGAGCAC
miR5628 	GAAATAGCGAAGATATGATTA
miR5629 	TTAGGGTAGTTAACGGAAGTTA
miR447a.2-3p 	TATGGAAGAAATTGTAGTATT
miR156g 	CGACAGAAGAGAGTGAGCAC
miR399c-3p 	TGCCAAAGGAGAGTTGCCCTG
miR846-5p 	CATTCAAGGACTTCTATTCAG
miR8170-5p 	ATAGCAAATCGATAAGCAATG
miR835-3p 	TGGAGAAGATACGCAAGAAAG
miR851-3p 	TGGGTGGCAAACAAAGACGAC
miR842 	TCATGGTCAGATCCGTCATCC
miR867 	TTGAACATGGTTTATTAGGAA
miR860 	TCAATAGATTGGACTATGTAT
miR5024-5p 	ATGACAAGGCCAAGATATAACA
miR837-5p 	ATCAGTTTCTTGTTCGTTTCA
miR3932b-3p 	AACTTTGTGATGACAACGAAG
miR831-3p 	TGATCTCTTCGTACTCTTCTTG
miR781a 	TTAGAGTTTTCTGGATACTTA
miR781b 	TTAGAGTTTTCTGGATACTTA
miR398b-5p 	AGGGTTGATATGAGAACACAC
miR165a-3p 	TCGGACCAGGCTTCATCCCCC
miR841a-5p 	TACGAGCCACTTGAAACTGAA
miR166d 	TCGGACCAGGCTTCATTCCCC
miR166f 	TCGGACCAGGCTTCATTCCCC
miR166g 	TCGGACCAGGCTTCATTCCCC
miR166c 	TCGGACCAGGCTTCATTCCCC
miR829-5p 	ACTTTGAAGCTTTGATTTGAA
miR169g-5p 	TGAGCCAAGGATGACTTGCCG
miR5998b 	ACAGTTTGTGTTTTGTTTTGT
miR5998a 	ACAGTTTGTGTTTTGTTTTGT
miR166a-3p 	TCGGACCAGGCTTCATTCCCC
miR868-5p 	TCATGTCGTAATAGTAGTCAC
miR844-5p 	TGGTAAGATTGCTTATAAGCT
miR164b-3p 	CATGTGCCCATCTTCACCATC
miR5654-3p 	TGGAAGATGCTTTGGGATTTATT
miR157a-5p 	TTGACAGAAGATAGAGAGCAC
miR8121 	AAAGTATAATGGTTTAGTGGTTTG
miR5995b 	ACATATGATCTGCATCTTTGC
miR2934-5p 	TCTTTCTGCAAACGCCTTGGA
miR2111a-3p 	GTCCTCGGGATGCGGATTACC
miR162a-5p 	TGGAGGCAGCGGTTCATCGATC
miR170-5p 	TATTGGCCTGGTTCACTCAGA
miR163 	TTGAAGAGGACTTGGAACTTCGAT
miR5660 	CAGGTGGTTAGTGCAATGGAA
miR5661 	AGAGGTACATCATGTAGTCTG
miR5662 	AGAGGTGACCATTGGAGATG
miR5664 	ATAGTCAATTTTATCGGTCTG
miR5665 	TTGGTGGACAAGATCTGGGAT
miR5666 	ATGGGACATCGAGCATTTAAT
miR822-3p 	TGTGCAAATGCTTTCTACAGG
miR824-3p 	CCTTCTCATCGATGGTCTAGA
miR159b-3p 	TTTGGATTGAAGGGAGCTCTT
miR2112-3p 	CTTTATATCCGCATTTGCGCA
miR156f-5p 	TGACAGAAGAGAGTGAGCAC
miR866-3p 	ACAAAATCCGTCTTTGAAGA
miR2111b-3p 	ATCCTCGGGATACAGTTTACC
miR4239 	TTTGTTATTTTCGCATGCTCC
miR426 	TTTTGGAAATTTGTCCTTACG
miR837-3p 	AAACGAACAAAAAACTGATGG
miR420 	TAAACTAATCACGGAAATGCA
miR3434-5p 	ACTTGGCTGATTCTATTATT
miR158a-5p 	CTTTGTCTACAATTTTGGAAA
miR3933 	AGAAGCAAAATGACGACTCGG
miR173-5p 	TTCGCTTGCAGAGAGAAATCAC
miR172d-5p 	GCAACATCTTCAAGATTCAGA
miR169a-3p 	GGCAAGTTGTCCTTGGCTAC
miR858b 	TTCGTTGTCTGTTCGACCTTG
miR858a 	TTTCGTTGTCTGTTCGACCTT
miR5022 	GTCATGGGGTATGATCGAATG
miR5023 	ATTGGTAGTGGATAAGGGGGC
miR167a-5p 	TGAAGCTGCCAGCATGATCTA
miR158b 	CCCCAAATGTAGACAAAGCA
miR5026 	ACTCATAAGATCGTGACACGT
miR5027 	ACCGGTTGGAACTTGCCTTAA
miR398a-5p 	AAGGAGTGGCATGTGAACACA
miR5028 	AATTGGGTTTATGCTAGAGTT
miR5029 	AATGAGAGAGAACACTGCAAA
miR156d-5p 	TGACAGAAGAGAGTGAGCAC
miR863-3p 	TTGAGAGCAACAAGACATAAT
miR838 	TTTTCTTCTACTTCTTGCACA
miR836 	TCCTGTGTTTCCTTTGATGCGTGG
miR834 	TGGTAGCAGTAGCGGTGGTAA
miR166e-5p 	GGAATGTTGTCTGGCACGAGG
miR157b-5p 	TTGACAGAAGATAGAGAGCAC
miR5014a-3p 	TTGTACAAATTTAAGTGTACG
miR832-3p 	TTGATTCCCAATCCAAGCAAG
miR4228-5p 	ATAGCCTTGAACGCCGTCGTT
miR160c-3p 	CGTACAAGGAGTCAAGCATGA
miR8169 	ATAGACAGAGTCACTCACAGA
miR8170-3p 	TTGCTTAAAGATTTTCTATGT
miR393b-3p 	ATCATGCGATCTCTTTGGATT
miR851-5p 	TCTCGGTTCGCGATCCACAAG
miR8165 	AATGGAGGCAAGTGTGAAGGA
miR8166 	AGAGAGTGTAGAAAGTTTCTCA
miR5013 	TTTGTGACATCTAGGTGCTTT
miR5021 	TGAGAAGAAGAAGAAGAAAA
miR5014b 	ATTTGTACACCTAGATCTGTA
miR840-5p 	ACACTGAAGGACCTAAACTAAC
miR398c-5p 	AGGGTTGATATGAGAACACAC
miR397b 	TCATTGAGTGCATCGTTGATG
miR396a-5p 	TTCCACAGCTTTCTTGAACTG
miR397a 	TCATTGAGTGCAGCGTTGATG
miR171c-5p 	AGATATTGGTGCGGTTCAATC
miR162b-5p 	TGGAGGCAGCGGTTCATCGATC
miR405d 	ATGAGTTGGGTCTAACCCATAACT
miR405a 	ATGAGTTGGGTCTAACCCATAACT
miR405b 	ATGAGTTGGGTCTAACCCATAACT
miR472-5p 	ATGGTCGAAGTAGGCAAAATC
miR172b-5p 	GCAGCACCATTAAGATTCAC
miR780.2 	TTCTTCGTGAATATCTGGCAT
miR3440b-5p 	TTTTCTTGGCCCATCCACTTC
miR390b-5p 	AAGCTCAGGAGGGATAGCGCC
miR3932a 	AACTTTGTGATGACAACGAAG
miR167c-5p 	TAAGCTGCCAGCATGATCTTG
miR165b 	TCGGACCAGGCTTCATCCCCC
miR164b-5p 	TGGAGAAGCAGGGCACGTGCA
miR408-5p 	ACAGGGAACAAGCAGAGCATG
miR319a 	TTGGACTGAAGGGAGCTCCCT
miR319b 	TTGGACTGAAGGGAGCTCCCT
miR319c 	TTGGACTGAAGGGAGCTCCTT
miR396b-3p 	GCTCAAGAAAGCTGTGGGAAA
miR864-5p 	TCAGGTATGATTGACTTCAAA
miR865-3p 	TTTTTCCTCAAATTTATCCAA
miR854d 	GATGAGGATAGGGAGGAGGAG
miR854e 	GATGAGGATAGGGAGGAGGAG
miR854b 	GATGAGGATAGGGAGGAGGAG
miR854c 	GATGAGGATAGGGAGGAGGAG
miR854a 	GATGAGGATAGGGAGGAGGAG
miR5649a 	ATTGAATATGTTGGTTACTAT
miR5649b 	ATTGAATATGTTGGTTACTAT
miR447b 	TTGGGGACGAGATGTTTTGTTG
miR399e 	TGCCAAAGGAGATTTGCCTCG
miR399f 	TGCCAAAGGAGATTTGCCCGG
miR399a 	TGCCAAAGGAGATTTGCCCTG
miR399b 	TGCCAAAGGAGAGTTGCCCTG
miR5634 	AGGGACTTTGTGAATTTAGGG
miR157d 	TGACAGAAGATAGAGAGCAC
miR5631 	TGGCAGGAAAGACATAATTTT
miR390a-5p 	AAGCTCAGGAGGGATAGCGCC
miR168b-5p 	TCGCTTGGTGCAGGTCGGGAA
miR5024-3p 	CCGTATCTTGGCCTTGTCATT
miR5019 	TGTTGGGAAAGAAAAACTCTT
miR5018 	TTAAAGCTCCACCATGAGTCCAAT
miR3932b-5p 	TTTGACGTGCTCGATCTGCTC
miR5012 	TTTTACTGCTACTTGTGTTCC
miR5016 	TTCTTGTGGATTCCTTGGAAA
miR5015 	TTGGTGTTATGTGTAGTCTTC
miR773b-5p 	GGCAATAACTTGAGCAAACA
miR862-3p 	ATATGCTGGATCTACTTGAAG
miR5017-3p 	TTATACCAAATTAATAGCAAA
miR833a-5p 	TGTTTGTTGTACTCGGTCTAGT
miR171a-3p 	TGATTGAGCCGCGCCAATATC
miR5655 	AAGTAGACACATAAGAAGGAG
miR5657 	TGGACAAGGTTAGATTTGGTG
miR5656 	ACTGAAGTAGAGATTGGGTTT
miR5651 	TTGTGCGGTTCAAATAGTAAC
miR5650 	TTGTTTTGGATCTTAGATACA
miR5653 	TGGGTTGAGTTGAGTTGAGTTGGC
miR5652 	TTGAATGTGAATGAATCGGGC
miR5659 	CGATGAAGGTCTTTGGAACGGTA
miR5658 	ATGATGATGATGATGATGAAA
miR861-3p 	GATGGATATGTCTTCAAGGAC
miR833b 	TGTTTGTTGACATCGGTCTAG
miR8167a 	AGATGTGGAGATCGTGGGGATG
miR8167b 	AGATGTGGAGATCGTGGGGATG
miR8167c 	AGATGTGGAGATCGTGGGGATG
miR8167d 	AGATGTGGAGATCGTGGGGATG
miR8167e 	AGATGTGGAGATCGTGGGGATG
miR8167f 	AGATGTGGAGATCGTGGGGATG
miR782 	ACAAACACCTTGGATGTTCTT
miR171b-3p 	TTGAGCCGTGCCAATATCACG
miR8168 	AGGTGCTGAGTGTGCTAGTGC
miR159c 	TTTGGATTGAAGGGAGCTCCT
miR159a 	TTTGGATTGAAGGGAGCTCTA
miR5654-5p 	ATAAATCCCAACATCTTCCA
miR156a-3p 	GCTCACTGCTCTTTCTGTCAGA
miR779.1 	TTCTGCTATGTTGCTGCTCAT
miR170-3p 	TGATTGAGCCGTGTCAATATC
miR779.2 	TGATTGGAAATTTCGTTGACT
miR830-5p 	TCTTCTCCAAATAGTTTAGGTT
miR831-5p 	AGAAGCGTACAAGGAGATGAGG
miR5999 	TCTTCACTATTAGACGGACAA
miR5996 	TGACATCCAGATAGAAGCTTTG
miR5997 	TGAAACCAAGTAGCTAAATAG
miR156c-5p 	TGACAGAAGAGAGTGAGCAC
miR168a-5p 	TCGCTTGGTGCAGGTCGGGAA
miR2937 	ATAAGAGCTGTTGAAGGAGTC
miR2936 	CTTGAGAGAGAGAACACAGACG
miR2939 	TAACGCACAACACTAAGCCAT
miR2938 	GATCTTTTGAGAGGGTTCCAG
miR839-5p 	TACCAACCTTTCATCGTTCCC
miR394a 	TTGGCATTCTGTCCACCTCC
miR5020c 	TGGCATGGAAGAAGGTGAGAC
miR5020b 	ATGGCATGAAAGAAGGTGAGA
miR5020a 	TGGAAGAAGGTGAGACTTGCA
miR399c-5p 	GGGCATCTTTCTATTGGCAGG
miR5648-3p 	ATCTGAAGAAAATAGCGGCAT
miR846-3p 	TTGAATTGAAGTGCTTGAATT
miR824-5p 	TAGACCATTTGTGAGAAGGGA
miR394b-5p 	TTGGCATTCTGTCCACCTCC
miR5632-5p 	TTGATTCTCTTATCCAACTGT
miR169f-5p 	TGAGCCAAGGATGACTTGCCG
miR848 	TGACATGGGACTGCCTAAGCTA
miR849 	TAACTAAACATTGGTGTAGTA
miR1888a 	TAAGTTAAGATTTGTGAAGAA
miR843 	TTTAGGTCGAGCTTCATTGGA
miR1888b 	TTAGGCTAAGATTTGTGAAGA
miR847 	TCACTCCTCTTCTTCTTGATG
miR5639-5p 	TAGTCCACTGTGGTCTAAGGC
miR773a 	TTTGCTTCCAGCTTTTGTCTC
miR169a-5p 	CAGCCAAGGATGACTTGCCGA
miR398b-3p 	TGTGTTCTCAGGTCACCCCTG
miR2112-5p 	CGCAAATGCGGATATCAATGT
miR1887 	TACTAAGTAGAGTCTAAGAGA
miR5630b 	GCTAAGAGCGGTTCTGATGGA
miR870-3p 	TAATTTGGTGTTTCTTCGATC
miR156f-3p 	GCTCACTCTCTATCCGTCACC
miR398a-3p 	TGTGTTCTCAGGTCACCCCTT
miR832-5p 	TGCTGGGATCGGGAATCGAAA
miR4245 	ACAAAGTTTTATACTGACAAT
miR4240 	TGACTAGACCCGTAACATTAC
miR4243 	TTGAAATTGTAGATTTCGTAC
miR393b-5p 	TCCAAAGGGATCGCATTGATCC
miR160c-5p 	TGCCTGGCTCCCTGTATGCCA
miR869.1 	ATTGGTTCAATTCTGGTGTTG
miR869.2 	TCTGGTGTTGAGATAGTTGAC
miR164c-3p 	CACGTGTTCTACTACTCCAAC
miR172e-5p 	GCAGCACCATTAAGATTCAC
miR169b-3p 	GGCAAGTTGTCCTTCGGCTACA
miR403-3p 	TTAGATTCACGCACAAACTCG
miR156b-3p 	TGCTCACCTCTCTTTCTGTCAGT
miR840-3p 	TTGTTTAGGTCCCTTAGTTTC
miR171c-3p 	TTGAGCCGTGCCAATATCACG
miR5630a 	GCTAAGAGCGGTTCTGATGGA
miR2111b-5p 	TAATCTGCATCCTGAGGTTTA
miR393a-5p 	TCCAAAGGGATCGCATTGATCC
miR2933b 	GAAATCGGAGAGGAAATTCGCC
miR2933a 	GAAATCGGAGAGGAAATTCGCC
miR841b-5p 	TACGAGCCACTGGAAACTGAA
miR158a-3p 	TCCCAAATGTAGACAAAGCA
miR3440b-3p 	TGGATTGGTCAAGGGAAGCGT
miR402 	TTCGAGGCCTATTAAACCTCTG
miR400 	TATGAGAGTATTATAAGTCAC
miR401 	CGAAACTGGTGTCGACCGACA
miR406 	TAGAATGCTATTGTAATCCAG
miR391-3p 	ACGGTATCTCTCCTACGTAGC
miR404 	ATTAACGCTGGCGGTTGCGGCAGC
miR173-3p 	TGATTCTCTGTGTAAGCGAAA
miR157c-5p 	TTGACAGAAGATAGAGAGCAC
miR408-3p 	ATGCACTGCCTCTTCCCTGGC
miR774b-5p 	TGAGATGAAGATATGGGTGAT
miR5643b 	AGGCTTTTAAGATCTGGTTGC
miR5643a 	AGGCTTTTAAGATCTGGTTGC
miR165a-5p 	GGAATGTTGTCTGGATCGAGG
miR5025 	ACTGTATATATGTAAGTGACA
miR164a 	TGGAGAAGCAGGGCACGTGCA
miR447c-3p 	TTGGGGACGACATCTTTTGTTG
miR172a 	AGAATCTTGATGATGCTGCAT
miR172c 	AGAATCTTGATGATGCTGCAG
miR169g-3p 	TCCGGCAAGTTGACCTTGGCT
miR859 	TCTCTCTGTTGTGAAGTCAAA
miR166a-5p 	GGACTGTTGTCTGGCTCGAGG
miR160a-5p 	TGCCTGGCTCCCTGTATGCCA
miR844-3p 	TTATAAGCCATCTTACTAGTT
miR407 	TTTAAATCATATACTTTTGGT
miR164c-5p 	TGGAGAAGCAGGGCACGTGCG
miR390a-3p 	CGCTATCCATCCTGAGTTTCA
miR2111a-5p 	TAATCTGCATCCTGAGGTTTA
miR166b-5p 	GGACTGTTGTCTGGCTCGAGG
miR447a-3p 	TTGGGGACGAGATGTTTTGTTG
miR5640 	TGAGAGAAGGAATTAGATTCA
miR5641 	TGGAAGAAGATGATAGAATTA
miR5646 	GTTCGAGGCACGTTGGGAGG
miR5647 	TCAAGTTTGATGACGATTCCA
miR5644 	GTGGGTTGCGGATAACGGTA
miR395a 	CTGAAGTGTTTGGGGGAACTC
miR395b 	CTGAAGTGTTTGGGGGGACTC
miR395c 	CTGAAGTGTTTGGGGGGACTC
miR395d 	CTGAAGTGTTTGGGGGAACTC
miR395e 	CTGAAGTGTTTGGGGGAACTC
miR395f 	CTGAAGTGTTTGGGGGGACTC
miR855 	AGCAAAAGCTAAGGAAAAGGAA
miR161.1 	TGAAAGTGACTACATCGGGGT
miR161.2 	TCAATGCATTGAAAGTGACTA
miR5017-5p 	ATTTGTTACTAATTTGGAATG
miR826b 	TGGTTTTGGACACGTGAAAAT
miR826a 	TAGTCCGGTTTTGGATACGTG
miR171a-5p 	TATTGGCCTGGTTCACTCAGA
miR169h 	TAGCCAAGGATGACTTGCCTG
miR5637 	AATGCGCAACTCTATATTTCC
miR5636 	CGTAGTTGCAGAGCTTGACGG
miR835-5p 	TTCTTGCATATGTTCTTTATC
miR5633 	TATGATCATCAGAAAACAGTG
miR3434-3p 	TCAGAGTATCAGCCATGTGA
miR398c-3p 	TGTGTTCTCAGGTCACCCCTG
miR861-5p 	CCTTGGAGAAATATGCGTCAA
miR390b-3p 	CGCTATCCATCCTGAGTTCC
miR167d 	TGAAGCTGCCAGCATGATCTGG
miR167b 	TGAAGCTGCCAGCATGATCTA
miR774a 	TTGGTTACCCATATGGCCATC
miR169c 	CAGCCAAGGATGACTTGCCGG
miR841a-3p 	ATTTCTAGTGGGTCGTATTCA
miR394b-3p 	AGGTGGGCATACTGCCAATAG
miR396b-5p 	TTCCACAGCTTTCTTGAACTT
miR1886.2 	TGAGATGAAATCTTTGATTGG
miR1886.3 	AATTAAAGATTTCATCTTACT
miR1886.1 	TGAGAGAAGTGAGATGAAATC
miR159b-5p 	GAGCTCCTTGAAGTTCAATGG
miR830-3p 	TAACTATTTTGAGAAGAAGTG
miR156d-3p 	GCTCACTCTCTTTTTGTCATAAC
miR8177 	GTGTGATGATGTGTCATTTATA
miR160b 	TGCCTGGCTCCCTGTATGCCA
miR167a-3p 	GATCATGTTCGCAGTTTCACC
miR850 	TAAGATCCGGACTACAACAAAG
miR853 	TCCCCTCTTTAGCTTGGAGAAG
miR852 	AAGATAAGCGCCTTAGTTCTG
miR391-5p 	TTCGCAGGAGAGATAGCGCCA
miR857 	TTTTGTATGTTGAAGGTGTAT
miR856 	TAATCCTACCAATAACTTCAGC
miR169m 	TAGCCAAGGATGACTTGCCTG
miR169l 	TAGCCAAGGATGACTTGCCTG
miR168a-3p 	CCCGCCTTGCATCAACTGAAT
miR169n 	TAGCCAAGGATGACTTGCCTG
miR169i 	TAGCCAAGGATGACTTGCCTG
miR157b-3p 	GCTCTCTAGCCTTCTGTCATC
miR169k 	TAGCCAAGGATGACTTGCCTG
miR169j 	TAGCCAAGGATGACTTGCCTG
miR169e 	TGAGCCAAGGATGACTTGCCG
miR169d 	TGAGCCAAGGATGACTTGCCG
miR4228-3p 	TCGGATGCGAAACGGTGGTGT
